date,pm25,o3,no2,so2,co,aqi
12/27/2015,129,9,10,5,12,0
12/28/2015,163,7,13,5,20,0
12/29/2015,127,10,10,5,11,0
12/30/2015,83,13,10,5,12,0
12/31/2015,0,0,0,0,0,0
1/1/2016,0,0,0,0,0,0
1/2/2016,0,0,0,0,0,0
1/3/2016,0,17,20,6,23,0
1/4/2016,161,23,19,6,22,0
1/5/2016,170,0,0,0,0,0
1/6/2016,154,0,0,0,0,0
1/7/2016,157,0,0,0,0,0
1/8/2016,150,0,0,0,0,0
1/9/2016,140,0,0,0,0,0
1/10/2016,130,7,14,6,13,0
1/11/2016,114,25,16,6,24,0
1/12/2016,145,13,14,6,19,0
1/13/2016,161,11,10,6,18,0
1/14/2016,137,11,7,6,9,0
1/15/2016,90,0,0,0,0,0
1/16/2016,144,0,0,0,0,0
1/17/2016,126,0,0,0,0,0
1/18/2016,144,5,3,6,13,0
1/19/2016,156,11,0,6,10,0
1/20/2016,197,10,0,6,13,0
1/21/2016,191,10,0,6,11,0
1/22/2016,104,20,0,6,5,0
1/23/2016,90,28,0,6,2,0
1/24/2016,127,15,5,6,5,0
1/25/2016,147,14,0,6,4,0
1/26/2016,137,17,1,6,8,0
1/27/2016,151,14,0,6,12,0
1/28/2016,181,0,0,0,0,0
1/29/2016,180,0,0,0,0,0
1/30/2016,135,0,0,0,0,0
1/31/2016,119,0,0,0,0,0
2/1/2016,75,0,0,0,0,0
2/2/2016,118,0,0,0,0,0
2/3/2016,167,0,0,0,0,0
2/4/2016,163,0,0,0,0,0
2/5/2016,165,0,0,0,0,0
2/6/2016,165,0,0,0,0,0
2/7/2016,180,0,0,0,0,0
2/8/2016,200,0,0,0,0,0
2/9/2016,143,0,0,0,0,0
2/10/2016,137,0,0,0,0,0
2/11/2016,131,0,0,0,0,0
2/12/2016,149,0,0,0,0,0
2/13/2016,159,0,0,0,0,0
2/14/2016,172,0,0,0,0,0
2/15/2016,105,0,0,0,0,0
2/16/2016,130,0,0,0,0,0
2/17/2016,167,0,0,0,0,0
2/18/2016,175,18,26,6,14,0
2/19/2016,183,12,31,6,16,0
2/20/2016,172,0,0,0,0,0
2/21/2016,171,16,25,6,17,0
2/22/2016,165,15,16,6,10,0
2/23/2016,123,19,16,6,9,0
2/24/2016,117,14,12,7,6,0
2/25/2016,135,12,17,6,20,0
2/26/2016,135,19,16,7,14,0
2/27/2016,150,30,22,7,16,0
2/28/2016,173,29,27,7,17,0
2/29/2016,191,40,31,7,25,0
3/1/2016,178,0,0,0,0,0
3/2/2016,154,0,0,0,0,0
3/3/2016,145,2,21,7,19,0
3/4/2016,0,4,14,7,25,0
3/5/2016,0,22,13,7,14,0
3/6/2016,152,20,9,7,13,0
3/7/2016,119,74,6,7,21,0
3/8/2016,94,54,11,7,20,0
3/9/2016,104,14,14,7,11,0
3/10/2016,88,19,19,7,13,0
3/11/2016,48,14,17,7,16,0
3/12/2016,16,19,14,7,11,0
3/13/2016,19,16,23,7,16,0
3/14/2016,73,19,23,7,19,0
3/15/2016,143,18,20,7,22,0
3/16/2016,96,17,18,7,21,0
3/17/2016,0,50,12,7,21,0
3/18/2016,160,60,10,7,20,0
3/19/2016,133,4,6,7,5,0
3/20/2016,126,52,6,7,16,0
3/21/2016,97,67,6,7,24,0
3/22/2016,124,23,7,7,15,0
3/23/2016,142,0,0,0,0,0
3/24/2016,76,0,0,0,0,0
3/25/2016,118,0,0,0,0,0
3/26/2016,142,0,0,0,0,0
3/27/2016,166,0,0,0,0,0
3/28/2016,194,0,0,0,0,0
3/29/2016,184,0,0,0,0,0
3/30/2016,157,3,18,0,26,0
3/31/2016,153,15,12,0,24,0
4/1/2016,162,38,8,0,16,0
4/2/2016,119,26,7,0,12,0
4/3/2016,135,20,6,0,17,0
4/4/2016,123,42,5,0,14,0
4/5/2016,109,50,7,0,13,0
4/6/2016,106,47,4,0,19,0
4/7/2016,121,45,8,0,22,0
4/8/2016,120,17,6,0,9,0
4/9/2016,115,0,0,0,0,0
4/10/2016,143,0,0,0,0,0
4/11/2016,144,0,0,0,0,0
4/12/2016,133,32,22,0,26,0
4/13/2016,142,95,16,0,23,0
4/14/2016,148,117,11,0,21,0
4/15/2016,157,0,0,0,0,0
4/16/2016,146,0,0,0,0,0
4/17/2016,149,0,0,0,0,0
4/18/2016,84,0,11,0,18,0
4/19/2016,124,0,11,0,11,0
4/20/2016,84,28,9,0,24,0
4/21/2016,93,35,15,0,25,0
4/22/2016,74,0,0,0,0,0
4/23/2016,122,0,0,0,0,0
4/24/2016,72,70,13,0,26,0
4/25/2016,68,85,9,0,27,0
4/26/2016,108,140,8,0,31,0
4/27/2016,114,110,13,0,31,0
4/28/2016,128,94,10,0,43,0
4/29/2016,135,94,9,0,30,0
4/30/2016,110,71,8,0,21,0
5/1/2016,62,169,3,0,8,0
5/2/2016,98,0,0,0,0,0
5/3/2016,97,0,0,0,0,0
5/4/2016,80,0,0,0,0,0
5/5/2016,92,0,0,0,0,0
5/6/2016,92,0,0,0,0,0
5/7/2016,75,0,0,0,0,0
5/8/2016,71,131,7,0,28,0
5/9/2016,97,167,10,0,25,0
5/10/2016,97,111,12,0,30,0
5/11/2016,134,131,14,11,33,0
5/12/2016,105,159,12,11,23,0
5/13/2016,83,154,6,11,20,0
5/14/2016,41,135,5,11,18,0
5/15/2016,75,52,9,11,14,0
5/16/2016,73,45,12,11,25,0
5/17/2016,117,161,9,11,26,0
5/18/2016,107,174,6,11,25,0
5/19/2016,84,161,7,11,20,0
5/20/2016,88,149,6,11,17,0
5/21/2016,103,110,8,11,30,0
5/22/2016,103,138,8,11,36,0
5/23/2016,111,124,3,11,27,0
5/24/2016,105,154,5,11,31,0
5/25/2016,90,142,2,11,22,0
5/26/2016,63,172,3,11,33,0
5/27/2016,54,150,5,11,25,0
5/28/2016,76,136,4,11,25,0
5/29/2016,89,121,4,11,35,0
5/30/2016,76,78,5,11,22,0
5/31/2016,72,58,4,11,18,0
6/1/2016,60,44,5,11,20,0
6/2/2016,71,35,5,11,20,0
6/3/2016,76,32,5,11,24,0
6/4/2016,77,0,0,0,0,0
6/5/2016,105,0,0,0,0,0
6/6/2016,104,21,14,11,29,0
6/7/2016,73,0,0,0,0,0
6/8/2016,100,0,0,0,0,0
6/9/2016,98,0,0,0,0,0
6/10/2016,110,0,0,0,0,0
6/11/2016,87,0,0,0,0,0
6/12/2016,70,0,0,0,0,0
6/13/2016,94,0,0,0,0,0
6/14/2016,100,0,0,0,0,0
6/15/2016,101,0,0,0,0,0
6/16/2016,80,0,0,0,0,0
6/17/2016,109,0,0,0,0,0
6/18/2016,104,0,0,0,0,0
6/19/2016,122,0,0,0,0,0
6/20/2016,109,0,0,0,0,0
6/21/2016,89,20,4,13,24,0
6/22/2016,88,33,5,13,28,0
6/23/2016,83,22,7,13,26,0
6/24/2016,78,23,9,13,26,0
6/25/2016,84,21,9,12,18,0
6/26/2016,95,24,7,12,26,0
6/27/2016,68,22,7,13,25,0
6/28/2016,91,8,3,13,27,0
6/29/2016,78,8,2,13,36,0
6/30/2016,0,8,2,12,17,0
7/1/2016,0,8,2,12,16,0
7/2/2016,0,8,3,13,17,0
7/3/2016,0,0,0,0,0,0
7/4/2016,0,0,0,0,0,0
7/5/2016,64,0,0,0,0,0
7/6/2016,29,0,0,0,0,0
7/7/2016,80,8,5,13,38,0
7/8/2016,130,8,2,13,24,0
7/9/2016,80,0,0,0,0,0
7/10/2016,89,0,0,0,0,0
7/11/2016,86,0,0,0,0,0
7/12/2016,79,0,0,0,0,0
7/13/2016,121,8,5,0,0,0
7/14/2016,81,9,9,13,29,0
7/15/2016,106,9,11,13,20,0
7/16/2016,71,8,6,13,14,0
7/17/2016,63,0,0,0,0,0
7/18/2016,74,0,0,0,0,0
7/19/2016,70,0,0,0,0,0
7/20/2016,62,0,0,0,0,0
7/21/2016,68,0,0,0,0,0
7/22/2016,82,0,0,0,0,0
7/23/2016,67,0,0,0,0,0
7/24/2016,89,0,0,0,0,0
7/25/2016,69,0,0,0,0,0
7/26/2016,89,8,25,15,13,0
7/27/2016,85,8,15,13,10,0
7/28/2016,29,0,0,0,0,0
7/29/2016,42,0,0,0,0,0
7/30/2016,77,0,0,0,0,0
7/31/2016,102,0,0,0,0,0
8/1/2016,125,0,0,0,0,0
8/2/2016,108,0,0,0,0,0
8/3/2016,75,0,0,0,0,0
8/4/2016,47,0,0,0,0,0
8/5/2016,62,0,0,0,0,0
8/6/2016,97,0,0,0,0,0
8/7/2016,84,0,0,0,0,0
8/8/2016,63,9,15,13,14,0
8/9/2016,68,9,13,14,16,0
8/10/2016,100,9,8,14,15,0
8/11/2016,105,9,10,13,18,0
8/12/2016,92,9,9,12,14,0
8/13/2016,104,9,7,12,13,0
8/14/2016,60,9,9,12,18,0
8/15/2016,66,10,8,12,11,0
8/16/2016,79,0,0,0,0,0
8/17/2016,87,9,8,12,21,0
8/18/2016,68,10,8,12,16,0
8/19/2016,28,0,0,0,0,0
8/20/2016,45,9,8,13,19,0
8/21/2016,61,0,0,0,0,0
8/22/2016,91,9,8,13,25,0
8/23/2016,97,9,9,13,21,0
8/24/2016,112,9,9,13,17,0
8/25/2016,126,9,9,13,17,0
8/26/2016,145,9,10,13,16,0
8/27/2016,90,9,8,13,11,0
8/28/2016,63,9,7,13,14,0
8/29/2016,119,9,12,13,22,0
8/30/2016,161,10,18,13,26,0
8/31/2016,125,10,15,13,24,0
9/1/2016,69,9,11,13,19,0
9/2/2016,52,10,7,13,10,0
9/3/2016,79,10,10,13,15,0
9/4/2016,136,13,11,13,17,0
9/5/2016,161,13,12,13,19,0
9/6/2016,121,18,9,13,21,0
9/7/2016,102,10,10,13,21,0
9/8/2016,133,13,11,14,26,0
9/9/2016,106,11,14,14,26,0
9/10/2016,69,9,2,13,9,0
9/11/2016,81,0,0,0,0,0
9/12/2016,99,0,0,0,0,0
9/13/2016,105,0,0,0,0,0
9/14/2016,128,7,17,13,31,0
9/15/2016,134,7,8,12,17,0
9/16/2016,158,0,0,0,0,0
9/17/2016,162,0,0,0,0,0
9/18/2016,157,0,0,0,0,0
9/19/2016,150,0,0,0,0,0
9/20/2016,147,0,0,0,0,0
9/21/2016,153,0,0,0,0,0
9/22/2016,163,0,0,0,0,0
9/23/2016,165,0,0,0,0,0
9/24/2016,115,0,0,0,0,0
9/25/2016,106,0,0,0,0,0
9/26/2016,73,0,0,0,0,0
9/27/2016,110,0,0,0,0,0
9/28/2016,148,0,0,0,0,0
9/29/2016,132,0,0,0,0,0
9/30/2016,97,0,0,0,0,0
10/1/2016,107,0,0,0,0,0
10/2/2016,119,0,0,0,0,0
10/3/2016,149,0,0,0,0,0
10/4/2016,167,10,0,11,54,0
10/5/2016,182,4,11,13,44,0
10/6/2016,153,6,11,13,34,0
10/7/2016,174,0,0,0,0,0
10/8/2016,188,0,0,0,0,0
10/9/2016,170,0,0,0,0,0
10/10/2016,151,4,16,14,44,0
10/11/2016,163,7,12,13,29,0
10/12/2016,163,1,7,12,44,0
10/13/2016,158,1,3,13,22,0
10/14/2016,150,0,0,0,0,0
10/15/2016,136,0,0,0,0,0
10/16/2016,131,0,0,0,0,0
10/17/2016,150,2,25,13,18,0
10/18/2016,123,1,41,13,32,0
10/19/2016,89,3,71,15,58,0
10/20/2016,99,0,0,0,0,0
10/21/2016,124,0,0,0,0,0
10/22/2016,160,5,49,14,53,0
10/23/2016,147,0,0,0,0,0
10/24/2016,144,3,32,13,13,0
10/25/2016,91,11,31,13,41,0
10/26/2016,103,4,30,13,37,0
10/27/2016,76,9,44,14,47,0
10/28/2016,79,3,45,14,36,0
10/29/2016,96,1,34,13,20,0
10/30/2016,84,1,33,13,27,0
10/31/2016,78,1,30,14,23,0
11/1/2016,70,1,32,16,27,0
11/2/2016,85,1,52,14,47,0
11/3/2016,95,1,45,15,35,0
11/4/2016,149,2,63,14,49,0
11/5/2016,152,2,56,15,53,0
11/6/2016,161,2,48,15,64,0
11/7/2016,178,21,17,9,32,0
11/8/2016,121,17,5,8,19,0
11/9/2016,46,17,6,8,22,0
11/10/2016,64,27,13,10,35,0
11/11/2016,113,49,13,12,57,0
11/12/2016,178,41,9,9,41,0
11/13/2016,175,19,5,8,39,0
11/14/2016,117,24,6,9,47,0
11/15/2016,98,24,6,10,53,0
11/16/2016,96,28,9,15,54,0
11/17/2016,101,31,7,12,57,0
11/18/2016,123,51,13,12,49,0
11/19/2016,147,40,9,12,36,0
11/20/2016,137,40,13,12,59,0
11/21/2016,123,32,7,12,57,0
11/22/2016,105,32,8,12,46,0
11/23/2016,0,24,5,11,24,0
11/24/2016,0,22,8,13,29,0
11/25/2016,112,19,5,11,19,0
11/26/2016,63,34,14,14,27,0
11/27/2016,108,40,19,21,37,0
11/28/2016,157,22,16,17,43,0
11/29/2016,154,28,13,15,24,0
11/30/2016,134,35,13,13,31,0
12/1/2016,117,0,0,0,0,0
12/2/2016,156,0,0,0,0,0
12/3/2016,187,44,17,14,102,0
12/4/2016,197,66,12,22,56,0
12/5/2016,204,25,10,18,35,0
12/6/2016,150,46,15,23,54,0
12/7/2016,161,41,15,18,76,0
12/8/2016,173,74,25,25,58,0
12/9/2016,195,39,24,27,58,0
12/10/2016,193,54,20,18,45,0
12/11/2016,201,28,9,12,44,0
12/12/2016,149,28,8,14,50,0
12/13/2016,130,17,7,14,31,0
12/14/2016,128,18,6,10,25,0
12/15/2016,86,20,10,14,38,0
12/16/2016,144,24,16,21,52,0
12/17/2016,163,33,15,27,56,0
12/18/2016,187,48,5,19,76,0
12/19/2016,226,18,1,10,44,0
12/20/2016,109,18,3,13,52,0
12/21/2016,109,16,4,13,30,0
12/22/2016,91,23,11,18,50,0
12/23/2016,155,18,6,14,53,0
12/24/2016,145,15,3,11,37,0
12/25/2016,106,12,4,12,48,0
12/26/2016,94,11,7,12,25,0
12/27/2016,83,23,11,16,49,0
12/28/2016,142,26,13,23,52,0
12/29/2016,157,26,15,22,60,0
12/30/2016,168,36,17,22,58,0
12/31/2016,202,0,0,0,0,0
1/1/2017,0,23,7,12,71,0
1/2/2017,169,36,11,17,70,0
1/3/2017,184,21,9,19,67,0
1/4/2017,155,9,6,12,28,0
1/5/2017,108,14,8,13,48,0
1/6/2017,115,21,9,13,41,0
1/7/2017,145,16,8,14,44,0
1/8/2017,142,12,4,13,54,0
1/9/2017,132,18,0,12,86,0
1/10/2017,151,9,5,10,40,0
1/11/2017,98,2,5,9,21,0
1/12/2017,22,0,0,0,0,0
1/13/2017,54,0,0,0,0,0
1/14/2017,100,0,0,0,0,0
1/15/2017,83,0,0,0,0,0
1/16/2017,120,0,0,10,17,0
1/17/2017,98,21,14,11,36,0
1/18/2017,144,23,5,14,71,0
1/19/2017,199,9,6,14,40,0
1/20/2017,108,11,7,13,28,0
1/21/2017,139,8,7,15,23,0
1/22/2017,151,0,0,0,0,0
1/23/2017,187,19,21,17,71,0
1/24/2017,192,24,15,15,52,0
1/25/2017,186,19,16,14,48,0
1/26/2017,167,15,11,13,33,0
1/27/2017,155,14,6,10,17,0
1/28/2017,116,5,7,11,21,0
1/29/2017,89,7,8,13,20,0
1/30/2017,108,10,10,12,34,0
1/31/2017,151,6,7,14,35,0
2/1/2017,125,4,8,14,40,0
2/2/2017,129,5,7,15,41,0
2/3/2017,121,10,8,11,24,0
2/4/2017,91,6,7,12,30,0
2/5/2017,113,5,8,13,37,0
2/6/2017,93,4,7,12,28,0
2/7/2017,80,5,7,14,38,0
2/8/2017,99,2,9,13,29,0
2/9/2017,73,5,12,15,18,0
2/10/2017,140,10,13,15,0,0
2/11/2017,165,12,15,16,0,0
2/12/2017,163,16,22,23,0,0
2/13/2017,175,11,14,15,0,0
2/14/2017,192,12,17,20,0,0
2/15/2017,207,3,12,13,0,0
2/16/2017,107,0,0,0,0,0
2/17/2017,85,0,0,0,0,0
2/18/2017,102,0,0,0,0,0
2/19/2017,112,3,7,12,0,0
2/20/2017,71,7,5,12,0,0
2/21/2017,81,12,4,12,0,0
2/22/2017,85,2,5,13,0,0
2/23/2017,89,0,9,13,0,0
2/24/2017,109,1,10,12,0,0
2/25/2017,111,3,10,14,0,0
2/26/2017,142,4,15,15,0,0
2/27/2017,151,8,13,25,0,0
2/28/2017,166,17,11,14,0,0
3/1/2017,179,21,12,16,0,0
3/2/2017,164,5,16,17,0,0
3/3/2017,161,5,11,13,0,0
3/4/2017,150,7,8,13,0,0
3/5/2017,130,1,6,17,0,0
3/6/2017,115,3,6,13,0,0
3/7/2017,140,0,0,0,0,0
3/8/2017,68,0,0,0,0,0
3/9/2017,139,0,12,12,0,0
3/10/2017,129,0,5,12,0,0
3/11/2017,170,0,4,11,0,0
3/12/2017,104,0,4,11,0,0
3/13/2017,108,0,0,0,0,0
3/14/2017,112,16,1,12,0,0
3/15/2017,104,22,2,17,0,0
3/16/2017,108,18,3,13,0,0
3/17/2017,100,18,4,11,0,0
3/18/2017,109,17,4,11,0,0
3/19/2017,79,16,4,11,0,0
3/20/2017,75,13,5,11,0,0
3/21/2017,55,12,4,11,0,0
3/22/2017,68,11,4,11,0,0
3/23/2017,60,13,3,11,0,0
3/24/2017,61,12,7,13,0,0
3/25/2017,66,9,8,13,0,0
3/26/2017,70,9,10,15,0,0
3/27/2017,106,20,14,17,0,0
3/28/2017,161,20,9,13,0,0
3/29/2017,147,12,24,15,0,0
3/30/2017,120,10,19,13,0,0
3/31/2017,85,13,23,14,0,0
4/1/2017,98,14,34,16,0,0
4/2/2017,136,15,35,16,0,0
4/3/2017,142,10,19,12,0,0
4/4/2017,88,13,17,12,0,0
4/5/2017,86,14,14,12,0,0
4/6/2017,89,24,11,12,0,0
4/7/2017,80,17,11,12,0,0
4/8/2017,92,20,13,13,0,0
4/9/2017,99,17,18,14,0,0
4/10/2017,128,15,28,13,0,0
4/11/2017,136,12,18,12,0,0
4/12/2017,110,12,55,14,0,0
4/13/2017,117,16,74,14,0,0
4/14/2017,129,8,38,11,0,0
4/15/2017,102,0,0,0,0,0
4/16/2017,77,20,68,12,0,0
4/17/2017,72,17,35,11,0,0
4/18/2017,81,21,50,13,0,0
4/19/2017,117,14,27,12,0,0
4/20/2017,106,16,21,12,0,0
4/21/2017,106,0,0,0,0,0
4/22/2017,50,0,0,0,0,0
4/23/2017,111,0,0,0,0,0
4/24/2017,114,18,24,12,0,0
4/25/2017,92,13,25,13,0,0
4/26/2017,113,17,19,13,0,0
4/27/2017,82,21,29,14,0,0
4/28/2017,0,20,30,14,0,0
4/29/2017,0,16,22,12,0,0
4/30/2017,0,12,16,11,0,0
5/1/2017,0,8,15,11,0,0
5/2/2017,0,9,17,12,0,0
5/3/2017,106,15,21,12,0,0
5/4/2017,105,9,26,12,0,0
5/5/2017,94,13,24,12,0,0
5/6/2017,110,11,20,12,0,0
5/7/2017,107,10,17,12,0,0
5/8/2017,85,10,20,12,0,0
5/9/2017,91,10,19,12,0,0
5/10/2017,77,8,13,11,0,0
5/11/2017,50,17,16,12,0,0
5/12/2017,55,10,25,12,0,0
5/13/2017,88,8,16,12,0,0
5/14/2017,57,11,16,12,0,0
5/15/2017,56,11,15,12,0,0
5/16/2017,78,0,0,0,0,0
5/17/2017,105,13,16,12,0,0
5/18/2017,96,12,13,11,0,0
5/19/2017,64,14,17,12,0,0
5/20/2017,68,17,18,12,0,0
5/21/2017,88,11,15,12,0,0
5/22/2017,62,11,17,12,0,0
5/23/2017,72,13,18,11,0,0
5/24/2017,64,13,17,11,0,0
5/25/2017,65,14,21,11,0,0
5/26/2017,76,14,24,11,0,0
5/27/2017,123,15,27,12,0,0
5/28/2017,149,19,28,12,0,0
5/29/2017,154,0,0,0,0,0
5/30/2017,103,15,18,13,0,0
5/31/2017,103,16,14,14,0,0
6/1/2017,83,17,14,16,0,0
6/2/2017,97,18,14,17,0,0
6/3/2017,81,21,14,17,0,0
6/4/2017,82,20,14,17,0,0
6/5/2017,91,13,13,14,0,0
6/6/2017,80,14,13,12,0,0
6/7/2017,59,14,12,13,0,0
6/8/2017,80,13,10,13,0,0
6/9/2017,52,15,11,13,0,0
6/10/2017,48,0,0,0,0,0
6/11/2017,78,15,13,14,0,0
6/12/2017,88,15,14,13,0,0
6/13/2017,74,15,9,13,0,0
6/14/2017,84,15,11,14,0,0
6/15/2017,101,15,13,13,0,0
6/16/2017,133,14,10,12,0,0
6/17/2017,55,15,10,13,0,0
6/18/2017,87,14,10,13,0,0
6/19/2017,87,0,0,0,0,0
6/20/2017,87,14,13,13,0,0
6/21/2017,63,15,13,13,0,0
6/22/2017,47,17,10,14,0,0
6/23/2017,53,17,8,13,0,0
6/24/2017,53,17,10,13,0,0
6/25/2017,47,17,10,13,0,0
6/26/2017,58,18,8,15,0,0
6/27/2017,50,19,8,13,0,0
6/28/2017,49,19,9,13,0,0
6/29/2017,62,23,10,13,0,0
6/30/2017,54,21,11,14,0,0
7/1/2017,65,23,10,14,0,0
7/2/2017,72,23,10,14,0,0
7/3/2017,71,25,10,13,0,0
7/4/2017,68,26,8,13,0,0
7/5/2017,33,26,8,13,0,0
7/6/2017,33,26,9,13,0,0
7/7/2017,42,24,9,13,0,0
7/8/2017,36,34,8,13,0,0
7/9/2017,47,23,8,13,0,0
7/10/2017,68,22,8,13,0,0
7/11/2017,40,21,8,13,0,0
7/12/2017,30,21,8,13,0,0
7/13/2017,66,21,9,14,0,0
7/14/2017,34,21,8,13,0,0
7/15/2017,62,20,8,13,0,0
7/16/2017,57,22,7,13,0,0
7/17/2017,31,20,8,13,0,0
7/18/2017,60,22,8,13,0,0
7/19/2017,36,21,7,13,0,0
7/20/2017,36,20,8,13,0,0
7/21/2017,50,24,9,13,0,0
7/22/2017,88,18,10,14,0,0
7/23/2017,55,20,13,14,0,0
7/24/2017,111,18,7,13,0,0
7/25/2017,94,0,0,0,0,0
7/26/2017,85,0,0,0,0,0
7/27/2017,97,0,0,0,0,0
7/28/2017,106,0,0,0,0,0
7/29/2017,121,0,0,0,0,0
7/30/2017,119,0,0,0,0,0
7/31/2017,98,0,0,0,0,0
8/1/2017,71,0,0,0,0,0
8/2/2017,83,0,0,0,0,0
8/3/2017,109,0,0,0,0,0
8/4/2017,114,0,0,0,0,0
8/5/2017,81,0,0,0,0,0
8/6/2017,52,13,17,13,0,0
8/7/2017,51,19,12,15,0,0
8/8/2017,51,18,7,14,0,0
8/9/2017,53,0,0,0,0,0
8/10/2017,86,14,9,12,0,0
8/11/2017,77,19,9,13,0,0
8/12/2017,66,18,10,15,0,0
8/13/2017,78,18,10,15,0,0
8/14/2017,88,20,7,13,0,0
8/15/2017,57,19,8,14,0,0
8/16/2017,37,18,8,14,0,0
8/17/2017,50,18,8,13,0,0
8/18/2017,90,17,13,15,0,0
8/19/2017,114,0,0,0,0,0
8/20/2017,91,0,0,0,0,0
8/21/2017,71,16,2,15,0,0
8/22/2017,94,18,2,16,0,0
8/23/2017,130,498,3,15,0,0
8/24/2017,32,5,1,13,0,0
8/25/2017,41,0,0,14,0,0
8/26/2017,69,0,0,14,0,0
8/27/2017,66,0,0,14,0,0
8/28/2017,85,0,0,14,0,0
8/29/2017,37,0,0,14,0,0
8/30/2017,36,0,0,15,0,0
8/31/2017,112,0,0,15,0,0
9/1/2017,80,0,0,15,0,0
9/2/2017,59,0,0,14,0,0
9/3/2017,49,0,0,15,0,0
9/4/2017,96,0,0,15,0,0
9/5/2017,86,0,0,14,0,0
9/6/2017,61,0,0,0,0,0
9/7/2017,0,0,0,0,0,0
9/8/2017,0,0,0,15,0,0
9/9/2017,0,0,0,13,0,0
9/10/2017,0,0,0,0,0,0
9/11/2017,67,0,0,0,0,0
9/12/2017,135,0,0,0,0,0
9/13/2017,79,0,0,0,0,0
9/14/2017,80,0,0,0,0,0
9/15/2017,75,0,0,0,0,0
9/16/2017,64,0,0,0,0,0
9/17/2017,75,0,0,0,0,0
9/18/2017,119,0,0,13,0,0
9/19/2017,56,0,0,14,0,0
9/20/2017,47,0,0,13,0,0
9/21/2017,91,0,0,13,0,0
9/22/2017,108,0,0,0,0,0
9/23/2017,118,0,0,0,0,0
9/24/2017,133,0,0,13,0,0
9/25/2017,124,0,0,13,0,0
9/26/2017,45,0,0,13,0,0
9/27/2017,95,0,0,14,0,0
9/28/2017,105,0,0,14,0,0
9/29/2017,98,0,0,14,0,0
9/30/2017,92,0,0,13,0,0
10/1/2017,43,0,0,17,0,0
10/2/2017,78,0,0,13,0,0
10/3/2017,83,0,0,13,0,0
10/4/2017,73,0,0,13,0,0
10/5/2017,66,0,0,13,0,0
10/6/2017,86,0,0,13,0,0
10/7/2017,61,0,0,0,0,0
10/8/2017,64,0,0,0,0,0
10/9/2017,81,0,0,0,0,0
10/10/2017,58,0,0,13,0,0
10/11/2017,57,0,0,13,0,0
10/12/2017,85,0,0,13,0,0
10/13/2017,97,0,0,12,0,0
10/14/2017,88,0,0,14,0,0
10/15/2017,75,0,0,12,0,0
10/16/2017,57,0,0,12,0,0
10/17/2017,33,0,0,12,0,0
10/18/2017,42,0,0,13,0,0
10/19/2017,86,0,0,0,0,0
10/20/2017,115,0,0,0,0,0
10/21/2017,116,0,0,0,0,0
10/22/2017,118,0,0,14,0,0
10/23/2017,137,0,0,13,0,0
10/24/2017,147,0,0,14,0,0
10/25/2017,182,0,0,14,0,0
10/26/2017,195,0,0,13,0,0
10/27/2017,183,0,0,0,0,0
10/28/2017,186,0,0,0,0,0
10/29/2017,166,0,0,15,0,0
10/30/2017,150,0,0,13,0,0
10/31/2017,0,0,0,13,0,0
11/1/2017,0,0,0,13,0,0
11/2/2017,0,0,0,13,0,0
11/3/2017,0,0,0,14,0,0
11/4/2017,0,0,0,14,0,0
11/5/2017,0,0,0,13,0,0
11/6/2017,0,0,0,13,0,0
11/7/2017,0,0,0,13,0,0
11/8/2017,0,0,0,13,0,0
11/9/2017,0,0,0,13,0,0
11/10/2017,0,0,0,13,0,0
11/11/2017,0,0,0,13,0,0
11/12/2017,0,0,0,13,0,0
11/13/2017,148,0,0,13,0,0
11/14/2017,111,0,0,13,0,0
11/15/2017,102,0,0,16,0,0
11/16/2017,87,0,0,17,0,0
11/17/2017,69,0,0,15,0,0
11/18/2017,62,0,0,13,0,0
11/19/2017,62,0,0,13,0,0
11/20/2017,62,0,0,13,0,0
11/21/2017,98,0,0,13,0,0
11/22/2017,96,0,0,0,0,0
11/23/2017,86,0,0,13,0,0
11/24/2017,79,0,0,13,0,0
11/25/2017,79,0,0,13,0,0
11/26/2017,129,0,0,14,0,0
11/27/2017,171,0,0,13,0,0
11/28/2017,181,0,0,13,0,0
11/29/2017,193,0,0,13,0,0
11/30/2017,199,0,0,13,0,0
12/1/2017,122,0,0,13,0,0
12/2/2017,143,0,0,14,0,0
12/3/2017,181,0,0,13,0,0
12/4/2017,139,0,0,13,0,0
12/5/2017,106,0,0,13,0,0
12/6/2017,159,0,0,37,0,0
12/7/2017,180,0,0,36,0,0
12/8/2017,199,0,0,37,0,0
12/9/2017,0,0,0,36,0,0
12/10/2017,0,0,0,37,0,0
12/11/2017,0,0,0,35,0,0
12/12/2017,0,0,0,36,0,0
12/13/2017,0,0,0,35,0,0
12/14/2017,0,0,0,36,0,0
12/15/2017,0,0,0,36,0,0
12/16/2017,0,0,0,36,0,0
12/17/2017,0,0,0,38,0,0
12/18/2017,0,0,0,44,0,0
12/19/2017,130,0,0,46,0,0
12/20/2017,131,0,0,46,0,0
12/21/2017,151,0,0,52,0,0
12/22/2017,171,0,0,47,0,0
12/23/2017,187,0,0,40,0,0
12/24/2017,160,0,0,46,0,0
12/25/2017,175,0,0,47,0,0
12/26/2017,208,0,0,37,0,0
12/27/2017,171,0,0,37,0,0
12/28/2017,133,0,0,40,0,0
12/29/2017,177,0,0,37,0,0
12/30/2017,101,0,0,38,0,0
12/31/2017,130,0,0,43,0,0
1/1/2018,171,0,0,41,0,0
1/2/2018,207,0,0,39,0,0
1/3/2018,166,0,0,38,0,0
1/4/2018,161,0,0,37,0,0
1/5/2018,144,0,0,36,0,0
1/6/2018,118,0,0,36,0,0
1/7/2018,149,0,0,36,0,0
1/8/2018,0,0,0,36,0,0
1/9/2018,117,0,0,41,0,0
1/10/2018,113,0,0,44,0,0
1/11/2018,129,0,0,46,0,0
1/12/2018,142,0,0,49,0,0
1/13/2018,166,0,0,43,0,0
1/14/2018,181,0,0,42,0,0
1/15/2018,193,0,0,40,0,0
1/16/2018,165,0,0,41,0,0
1/17/2018,196,0,0,40,0,0
1/18/2018,165,0,0,44,0,0
1/19/2018,162,0,0,40,0,0
1/20/2018,157,0,0,38,0,0
1/21/2018,0,0,0,38,0,0
1/22/2018,151,0,0,37,0,0
1/23/2018,133,0,0,37,0,0
1/24/2018,121,0,0,37,0,0
1/25/2018,87,0,0,37,0,0
1/26/2018,79,0,0,38,0,0
1/27/2018,106,0,0,36,0,0
1/28/2018,0,0,0,37,0,0
1/29/2018,84,0,0,37,0,0
1/30/2018,141,0,0,37,0,0
1/31/2018,148,0,0,44,0,0
2/1/2018,154,0,0,44,0,0
2/2/2018,152,0,0,45,0,0
2/3/2018,131,0,0,49,0,0
2/4/2018,153,0,0,42,0,0
2/5/2018,151,0,0,38,0,0
2/6/2018,153,0,0,40,0,0
2/7/2018,153,0,0,36,0,0
2/8/2018,152,0,0,34,0,0
2/9/2018,178,0,0,24,0,0
2/10/2018,188,0,0,22,0,0
2/11/2018,0,0,0,22,0,0
2/12/2018,173,0,0,28,0,0
2/13/2018,190,0,0,24,0,0
2/14/2018,204,0,0,23,0,0
2/15/2018,186,0,0,23,0,0
2/16/2018,136,0,0,0,0,0
2/17/2018,126,0,0,0,0,0
2/18/2018,110,0,0,0,0,0
2/19/2018,104,0,0,0,0,0
2/20/2018,101,0,0,23,0,0
2/21/2018,86,0,0,23,0,0
2/22/2018,97,0,0,24,0,0
2/23/2018,84,0,0,0,0,0
2/24/2018,172,0,0,0,0,0
2/25/2018,143,0,0,26,0,0
2/26/2018,148,0,0,25,0,0
2/27/2018,143,0,0,24,0,0
2/28/2018,134,0,0,24,0,0
3/1/2018,110,0,0,24,0,0
3/2/2018,83,0,0,24,0,0
3/3/2018,103,0,0,24,0,0
3/4/2018,124,0,0,24,0,0
3/5/2018,103,0,0,24,0,0
3/6/2018,76,0,0,24,0,0
3/7/2018,87,0,0,25,0,0
3/8/2018,62,0,0,29,0,0
3/9/2018,93,0,0,29,0,0
3/10/2018,112,0,0,30,0,0
3/11/2018,144,0,0,26,0,0
3/12/2018,163,0,0,27,0,0
3/13/2018,165,0,0,27,0,0
3/14/2018,117,0,0,26,0,0
3/15/2018,113,0,0,28,0,0
3/16/2018,123,0,0,27,0,0
3/17/2018,137,0,0,26,0,0
3/18/2018,0,0,0,28,0,0
3/19/2018,131,0,0,31,0,0
3/20/2018,104,0,0,0,0,0
3/21/2018,118,0,0,0,0,0
3/22/2018,152,0,0,0,0,0
3/23/2018,153,0,0,0,0,0
3/24/2018,136,0,0,0,0,0
3/25/2018,130,0,0,0,0,0
3/26/2018,162,0,0,0,0,0
3/27/2018,133,0,0,0,0,0
3/28/2018,112,0,0,0,0,0
3/29/2018,98,0,0,30,0,0
3/30/2018,104,0,0,29,0,0
3/31/2018,116,0,0,29,0,0
4/1/2018,106,0,0,32,0,0
4/2/2018,105,0,0,30,0,0
4/3/2018,81,0,0,30,0,0
4/4/2018,88,0,0,30,0,0
4/5/2018,87,0,0,29,0,0
4/6/2018,68,0,0,31,0,0
4/7/2018,124,0,0,0,0,0
4/8/2018,167,0,0,0,0,0
4/9/2018,138,0,0,0,0,0
4/10/2018,122,0,0,0,0,0
4/11/2018,98,0,0,0,0,0
4/12/2018,94,0,0,0,0,0
4/13/2018,94,0,0,0,0,0
4/14/2018,83,0,0,0,0,0
4/15/2018,79,0,0,0,0,0
4/16/2018,112,0,0,0,0,0
4/17/2018,168,0,0,0,0,0
4/18/2018,160,0,0,32,0,0
4/19/2018,137,0,0,32,0,0
4/20/2018,97,0,0,0,0,0
4/21/2018,74,0,0,0,0,0
4/22/2018,83,0,0,0,0,0
4/23/2018,90,0,0,0,0,0
4/24/2018,118,0,0,0,0,0
4/25/2018,103,0,0,38,0,0
4/26/2018,109,0,0,0,0,0
4/27/2018,79,0,0,0,0,0
4/28/2018,108,0,0,0,0,0
4/29/2018,121,0,0,0,0,0
4/30/2018,70,0,0,0,0,0
5/1/2018,47,0,0,0,0,0
5/2/2018,59,0,0,0,0,0
5/3/2018,81,0,0,0,0,0
5/4/2018,72,0,0,0,0,0
5/5/2018,50,0,0,0,0,0
5/6/2018,50,0,0,0,0,0
5/7/2018,69,0,0,0,0,0
5/8/2018,84,0,0,0,0,0
5/9/2018,70,0,0,0,0,0
5/10/2018,55,0,0,0,0,0
5/11/2018,58,0,0,0,0,0
5/12/2018,75,0,0,0,0,0
5/13/2018,73,0,0,0,0,0
5/14/2018,79,0,0,0,0,0
5/15/2018,70,0,0,0,0,0
5/16/2018,77,0,0,28,0,0
5/17/2018,74,0,0,28,0,0
5/18/2018,60,0,0,28,0,0
5/19/2018,55,0,0,0,0,0
5/20/2018,59,0,0,0,0,0
5/21/2018,55,0,0,0,0,0
5/22/2018,60,0,0,0,0,0
5/23/2018,42,0,0,0,0,0
5/24/2018,54,0,0,0,0,0
5/25/2018,54,0,0,0,0,0
5/26/2018,64,0,0,0,0,0
5/27/2018,74,0,0,29,0,0
5/28/2018,64,0,0,29,0,0
5/29/2018,116,0,0,29,0,0
5/30/2018,70,0,0,29,0,0
5/31/2018,74,0,0,29,0,0
6/1/2018,73,0,0,29,0,0
6/2/2018,0,0,0,29,0,0
6/3/2018,0,0,0,29,0,0
6/4/2018,98,0,0,29,0,0
6/5/2018,35,0,0,30,0,0
6/6/2018,0,0,0,30,0,0
6/7/2018,128,0,0,31,0,0
6/8/2018,166,0,0,30,0,0
6/9/2018,147,0,0,30,0,0
6/10/2018,109,0,0,30,0,0
6/11/2018,51,0,0,30,0,0
6/12/2018,42,0,0,31,0,0
6/13/2018,59,0,0,30,0,0
6/14/2018,105,0,0,30,0,0
6/15/2018,68,0,0,30,0,0
6/16/2018,92,0,0,30,0,0
6/17/2018,0,0,0,31,0,0
6/18/2018,77,0,0,31,0,0
6/19/2018,73,0,0,31,0,0
6/20/2018,71,0,0,31,0,0
6/21/2018,74,0,0,0,0,0
6/22/2018,69,0,0,0,0,0
6/23/2018,57,0,0,0,0,0
6/24/2018,98,0,0,0,0,0
6/25/2018,57,0,0,0,0,0
6/26/2018,83,0,0,32,0,0
6/27/2018,86,0,0,0,0,0
6/28/2018,78,0,0,0,0,0
6/29/2018,67,0,0,0,0,0
6/30/2018,53,0,0,0,0,0
7/1/2018,46,0,0,0,0,0
7/2/2018,61,0,0,0,0,0
7/3/2018,11,0,0,0,0,0
7/4/2018,36,0,0,0,0,0
7/5/2018,55,0,0,0,0,0
7/6/2018,89,0,0,0,0,0
7/7/2018,95,0,0,0,0,0
7/8/2018,92,0,0,0,0,0
7/9/2018,72,0,0,0,0,0
7/10/2018,75,0,0,0,0,0
7/11/2018,76,0,0,0,0,0
7/12/2018,0,0,0,0,0,0
7/13/2018,0,0,0,0,0,0
7/14/2018,0,0,0,0,0,0
7/15/2018,0,0,0,0,0,0
7/16/2018,49,0,0,0,0,0
7/17/2018,72,0,0,0,0,0
7/18/2018,64,0,0,0,0,0
7/19/2018,63,0,0,0,0,0
7/20/2018,62,0,0,0,0,0
7/21/2018,38,0,0,0,0,0
7/22/2018,47,0,0,0,0,0
7/23/2018,85,0,0,0,0,0
7/24/2018,97,0,0,0,0,0
7/25/2018,64,0,0,0,0,0
7/26/2018,30,0,0,0,0,0
7/27/2018,64,0,0,0,0,0
7/28/2018,46,0,0,0,0,0
7/29/2018,57,0,0,0,0,0
7/30/2018,68,0,0,0,0,0
7/31/2018,107,0,0,0,0,0
8/1/2018,78,0,0,0,0,0
8/2/2018,61,0,0,0,0,0
8/3/2018,58,0,0,0,0,0
8/4/2018,97,0,0,0,0,0
8/5/2018,84,0,0,0,0,0
8/6/2018,80,0,0,0,0,0
8/7/2018,76,0,0,0,0,0
8/8/2018,88,0,0,0,0,0
8/9/2018,94,0,0,0,0,0
8/10/2018,107,0,0,0,0,0
8/11/2018,122,0,0,0,0,0
8/12/2018,69,0,0,0,0,0
8/13/2018,70,0,0,0,0,0
8/14/2018,87,0,0,0,0,0
8/15/2018,86,0,0,0,0,0
8/16/2018,68,0,0,0,0,0
8/17/2018,48,0,0,0,0,0
8/18/2018,79,0,0,0,0,0
8/19/2018,118,0,0,0,0,0
8/20/2018,106,0,0,0,0,0
8/21/2018,106,0,0,0,0,0
8/22/2018,121,0,0,0,0,0
8/23/2018,120,0,0,0,0,0
8/24/2018,98,0,0,0,0,0
8/25/2018,71,0,0,0,0,0
8/26/2018,106,0,0,0,0,0
8/27/2018,100,0,0,0,0,0
8/28/2018,52,0,0,0,0,0
8/29/2018,49,0,0,0,0,0
8/30/2018,53,0,0,0,0,0
8/31/2018,40,0,0,0,0,0
9/1/2018,61,0,0,0,0,0
9/2/2018,61,0,0,0,0,0
9/3/2018,37,0,0,0,0,0
9/4/2018,108,0,0,0,0,0
9/5/2018,94,0,0,0,0,0
9/6/2018,75,0,0,0,0,0
9/7/2018,63,0,0,0,0,0
9/8/2018,80,0,0,0,0,0
9/9/2018,115,0,0,0,0,0
9/10/2018,119,0,0,0,0,0
9/11/2018,123,0,0,0,0,0
9/12/2018,97,0,0,0,0,0
9/13/2018,127,0,0,0,0,0
9/14/2018,103,0,0,0,0,0
9/15/2018,80,0,0,0,0,0
9/16/2018,89,0,0,0,0,0
9/17/2018,80,0,0,0,0,0
9/18/2018,86,0,0,0,0,0
9/19/2018,62,0,0,0,0,0
9/20/2018,103,0,0,0,0,0
9/21/2018,78,0,0,0,0,0
9/22/2018,117,0,0,0,0,0
9/23/2018,129,0,0,0,0,0
9/24/2018,107,0,0,0,0,0
9/25/2018,77,0,0,0,0,0
9/26/2018,59,0,0,0,0,0
9/27/2018,61,0,0,0,0,0
9/28/2018,45,0,0,0,0,0
9/29/2018,67,0,0,0,0,0
9/30/2018,100,0,0,0,0,0
10/1/2018,125,0,0,0,0,0
10/2/2018,134,0,0,0,0,0
10/3/2018,146,0,0,0,0,0
10/4/2018,137,0,0,0,0,0
10/5/2018,145,0,0,0,0,0
10/6/2018,172,0,0,0,0,0
10/7/2018,159,0,0,0,0,0
10/8/2018,138,0,0,0,0,0
10/9/2018,125,0,0,0,0,0
10/10/2018,43,0,0,0,0,0
10/11/2018,110,0,0,0,0,0
10/12/2018,129,0,0,0,0,0
10/13/2018,163,0,0,0,0,0
10/14/2018,110,0,0,0,0,0
10/15/2018,68,0,0,0,0,0
10/16/2018,69,0,0,0,0,0
10/17/2018,49,0,0,0,0,0
10/18/2018,73,0,0,0,0,0
10/19/2018,0,0,0,0,0,0
10/20/2018,0,0,0,0,0,0
10/21/2018,0,0,0,0,0,0
10/22/2018,0,0,0,0,0,0
10/23/2018,42,0,0,0,0,0
10/24/2018,81,0,0,0,0,0
10/25/2018,80,0,0,0,0,0
10/26/2018,73,0,0,0,0,0
10/27/2018,64,0,0,0,0,0
10/28/2018,108,0,0,0,0,0
10/29/2018,113,0,0,0,0,0
10/30/2018,108,0,0,0,0,0
10/31/2018,97,0,0,0,0,0
11/1/2018,118,0,0,0,0,0
11/2/2018,138,0,0,0,0,0
11/3/2018,170,0,0,0,0,0
11/4/2018,164,0,0,0,0,0
11/5/2018,132,0,0,0,0,0
11/6/2018,111,0,0,0,0,0
11/7/2018,87,0,0,0,0,0
11/8/2018,83,0,0,0,0,0
11/9/2018,119,0,0,0,0,0
11/10/2018,154,0,0,0,0,0
11/11/2018,130,0,0,0,0,0
11/12/2018,91,0,0,0,0,0
11/13/2018,108,0,0,0,0,0
11/14/2018,95,0,0,0,0,0
11/15/2018,67,0,0,0,0,0
11/16/2018,62,0,0,0,0,0
11/17/2018,65,0,0,0,0,0
11/18/2018,75,0,0,0,0,0
11/19/2018,84,0,0,0,0,0
11/20/2018,128,0,0,0,0,0
11/21/2018,72,0,0,0,0,0
11/22/2018,76,0,0,0,0,0
11/23/2018,130,0,0,0,0,0
11/24/2018,192,0,0,0,0,0
11/25/2018,150,0,0,0,0,0
11/26/2018,154,0,0,0,0,0
11/27/2018,158,0,0,0,0,0
11/28/2018,174,0,0,0,0,0
11/29/2018,183,0,0,0,0,0
11/30/2018,147,0,0,0,0,0
12/1/2018,123,0,0,0,0,0
12/2/2018,68,0,0,0,0,0
12/3/2018,69,0,0,0,0,0
12/4/2018,69,0,0,0,0,0
12/5/2018,75,0,0,0,0,0
12/6/2018,73,0,0,0,0,0
12/7/2018,98,0,0,0,0,0
12/8/2018,51,0,0,0,0,0
12/9/2018,39,0,0,0,0,0
12/10/2018,66,0,0,0,0,0
12/11/2018,54,0,0,0,0,0
12/12/2018,59,0,0,0,0,0
12/13/2018,58,0,0,0,0,0
12/14/2018,81,0,0,0,0,0
12/15/2018,110,0,0,0,0,0
12/16/2018,81,0,0,0,0,0
12/17/2018,115,0,0,0,0,0
12/18/2018,168,0,0,0,0,0
12/19/2018,149,0,0,0,0,0
12/20/2018,142,0,0,0,0,0
12/21/2018,135,0,0,0,0,0
12/22/2018,100,0,0,0,0,0
12/23/2018,119,0,0,0,0,0
12/24/2018,131,0,0,0,0,0
12/25/2018,98,0,0,0,0,0
12/26/2018,96,0,0,0,0,0
12/27/2018,118,0,0,0,0,0
12/28/2018,97,0,0,0,0,0
12/29/2018,57,0,0,0,0,0
12/30/2018,31,0,0,0,0,0
12/31/2018,0,0,0,0,0,0
1/1/2019,93,0,0,0,0,0
1/2/2019,104,0,0,0,0,0
1/3/2019,98,0,0,0,0,0
1/4/2019,132,0,0,0,0,0
1/5/2019,128,0,0,0,0,0
1/6/2019,76,0,0,0,0,0
1/7/2019,148,0,0,0,0,0
1/8/2019,78,0,0,0,0,0
1/9/2019,25,0,0,0,0,0
1/10/2019,80,0,0,0,0,0
1/11/2019,143,0,0,0,0,0
1/12/2019,139,0,0,0,0,0
1/13/2019,84,0,0,0,0,0
1/14/2019,111,0,0,0,0,0
1/15/2019,80,0,0,0,0,0
1/16/2019,35,0,0,0,0,0
1/17/2019,64,0,0,0,0,0
1/18/2019,140,0,0,0,0,0
1/19/2019,174,0,0,0,0,0
1/20/2019,171,0,0,0,0,0
1/21/2019,54,0,0,0,0,0
1/22/2019,108,0,0,0,0,0
1/23/2019,167,0,0,0,0,0
1/24/2019,160,0,0,0,0,0
1/25/2019,189,0,0,0,0,0
1/26/2019,164,0,0,0,0,0
1/27/2019,160,0,0,0,0,0
1/28/2019,119,0,0,0,0,0
1/29/2019,115,0,0,0,0,0
1/30/2019,75,0,0,0,0,0
1/31/2019,102,0,0,0,0,0
2/1/2019,124,0,0,0,0,0
2/2/2019,142,0,0,0,0,0
2/3/2019,122,0,0,0,0,0
2/4/2019,99,0,0,0,0,0
2/5/2019,95,0,0,0,0,0
2/6/2019,62,0,0,0,0,0
2/7/2019,84,0,0,0,0,0
2/8/2019,94,0,0,0,0,0
2/9/2019,98,0,0,0,0,0
2/10/2019,73,0,0,0,0,0
2/11/2019,132,0,0,0,0,0
2/12/2019,141,0,0,0,0,0
2/13/2019,91,0,0,0,0,0
2/14/2019,68,0,0,0,0,0
2/15/2019,72,0,0,0,0,0
2/16/2019,74,0,0,0,0,0
2/17/2019,65,0,0,0,0,0
2/18/2019,95,0,0,0,0,0
2/19/2019,103,0,0,0,0,0
2/20/2019,83,0,0,0,0,0
2/21/2019,83,0,0,0,0,0
2/22/2019,108,0,0,0,0,0
2/23/2019,91,0,0,0,0,0
2/24/2019,68,0,0,0,0,0
2/25/2019,78,0,0,0,0,0
2/26/2019,137,0,0,0,0,0
2/27/2019,130,0,0,0,0,0
2/28/2019,147,0,0,0,0,0
3/1/2019,95,0,0,0,0,0
3/2/2019,88,0,0,0,0,0
3/3/2019,90,0,0,0,0,0
3/4/2019,100,0,0,0,0,0
3/5/2019,93,0,0,0,0,0
3/6/2019,78,0,0,0,0,0
3/7/2019,81,0,0,0,0,0
3/8/2019,95,0,0,0,0,0
3/9/2019,110,0,0,0,0,0
3/10/2019,69,0,0,0,0,0
3/11/2019,163,0,0,0,0,0
3/12/2019,169,0,0,0,0,0
3/13/2019,156,0,0,0,0,0
3/14/2019,176,0,0,0,0,0
3/15/2019,115,0,0,0,0,0
3/16/2019,123,0,0,0,0,0
3/17/2019,65,0,0,0,0,0
3/18/2019,75,0,0,0,0,0
3/19/2019,126,0,0,0,0,0
3/20/2019,127,0,0,0,0,0
3/21/2019,111,0,0,0,0,0
3/22/2019,113,0,0,0,0,0
3/23/2019,100,0,0,0,0,0
3/24/2019,106,0,0,0,0,0
3/25/2019,100,0,0,0,0,0
3/26/2019,171,0,0,0,0,0
3/27/2019,152,0,0,0,0,0
3/28/2019,126,0,0,0,0,0
3/29/2019,91,0,0,0,0,0
3/30/2019,101,0,0,0,0,0
3/31/2019,118,0,0,0,0,0
4/1/2019,86,0,0,0,0,0
4/2/2019,134,0,0,0,0,0
4/3/2019,109,0,0,0,0,0
4/4/2019,13,0,0,0,0,0
4/5/2019,14,0,0,0,0,0
4/6/2019,15,0,0,0,0,0
4/7/2019,10,0,0,0,0,0
4/8/2019,77,0,0,0,0,0
4/9/2019,107,0,0,0,0,0
4/10/2019,90,0,0,0,0,0
4/11/2019,91,0,0,0,0,0
4/12/2019,86,0,0,0,0,0
4/13/2019,71,0,0,0,0,0
4/14/2019,64,0,0,0,0,0
4/15/2019,78,0,0,0,0,0
4/16/2019,75,0,0,0,0,0
4/17/2019,123,0,0,0,0,0
4/18/2019,112,0,0,0,0,0
4/19/2019,132,0,0,0,0,0
4/20/2019,138,0,0,0,0,0
4/21/2019,106,0,0,0,0,0
4/22/2019,113,0,0,0,0,0
4/23/2019,93,0,0,0,0,0
4/24/2019,100,0,0,0,0,0
4/25/2019,92,0,0,0,0,0
4/26/2019,68,0,0,0,0,0
4/27/2019,62,0,0,0,0,0
4/28/2019,71,0,0,0,0,0
4/29/2019,91,0,0,0,0,0
4/30/2019,111,0,0,0,0,0
5/1/2019,0,0,0,0,0,0
5/2/2019,0,0,0,0,0,0
5/3/2019,0,5,8,0,0,0
5/4/2019,0,6,8,0,0,0
5/5/2019,0,28,10,0,0,0
5/6/2019,0,9,9,13,0,0
5/7/2019,0,22,6,13,0,0
5/8/2019,0,10,6,0,0,0
5/9/2019,0,2,7,0,0,0
5/10/2019,0,10,9,0,0,0
5/11/2019,0,0,8,0,0,0
5/12/2019,0,0,7,0,0,0
5/13/2019,0,0,7,0,0,0
5/14/2019,0,0,8,0,0,0
5/15/2019,0,0,10,0,0,0
5/16/2019,0,0,10,0,0,0
5/17/2019,0,0,11,0,0,0
5/18/2019,0,0,11,0,0,0
5/19/2019,0,0,8,0,0,0
5/20/2019,0,0,8,0,0,0
5/21/2019,0,0,6,0,0,0
5/22/2019,0,0,0,0,0,0
5/23/2019,0,0,0,0,0,0
5/24/2019,0,0,0,0,0,0
5/25/2019,0,0,0,0,0,0
5/26/2019,0,0,0,0,0,0
5/27/2019,0,0,0,0,0,0
5/28/2019,0,0,0,0,0,0
5/29/2019,0,0,0,0,0,0
5/30/2019,0,0,0,0,0,0
5/31/2019,0,0,0,0,0,0
6/1/2019,0,0,0,0,0,0
6/2/2019,0,0,0,0,0,0
6/3/2019,0,0,0,0,0,0
6/4/2019,0,0,0,15,0,0
6/5/2019,0,0,0,15,0,0
6/6/2019,0,0,0,15,0,0
6/7/2019,0,0,0,15,0,0
6/8/2019,0,0,0,18,0,0
6/9/2019,0,0,0,18,0,0
6/10/2019,0,0,0,23,0,0
6/11/2019,0,0,0,23,0,0
6/12/2019,0,0,0,23,0,0
6/13/2019,0,0,0,19,0,0
6/14/2019,0,0,0,0,0,0
6/15/2019,0,0,0,0,0,0
6/16/2019,0,0,0,0,0,0
6/17/2019,0,0,0,0,0,0
6/18/2019,0,0,0,0,0,0
6/19/2019,0,0,0,0,0,0
6/20/2019,0,0,0,0,0,0
6/21/2019,0,0,0,0,0,0
6/22/2019,0,0,0,0,0,0
6/23/2019,0,0,0,0,0,0
6/24/2019,0,0,0,0,0,0
6/25/2019,0,0,0,0,0,0
6/26/2019,0,7,15,0,0,0
6/27/2019,0,10,12,0,0,0
6/28/2019,0,20,12,0,0,0
6/29/2019,0,13,7,0,0,0
6/30/2019,0,9,9,0,0,0
7/1/2019,0,10,8,0,0,0
7/2/2019,0,10,6,0,0,0
7/3/2019,0,6,6,0,0,0
7/4/2019,0,5,10,0,0,0
7/5/2019,0,7,9,0,0,0
7/6/2019,0,10,10,0,0,0
7/7/2019,0,10,10,0,0,0
7/8/2019,0,8,11,0,0,0
7/9/2019,0,16,9,0,0,0
7/10/2019,0,8,9,0,0,0
7/11/2019,0,4,11,0,0,0
7/12/2019,0,5,10,0,0,0
7/13/2019,0,5,10,0,0,0
7/14/2019,0,4,7,0,0,0
7/15/2019,0,5,10,0,0,0
7/16/2019,0,175,12,0,0,0
7/17/2019,0,70,10,0,0,0
7/18/2019,0,6,10,0,0,0
7/19/2019,0,7,12,0,0,0
7/20/2019,0,5,10,0,0,0
7/21/2019,0,4,11,0,0,0
7/22/2019,0,21,12,0,0,0
7/23/2019,0,7,12,0,0,0
7/24/2019,0,11,10,0,0,0
7/25/2019,0,7,9,0,0,0
7/26/2019,0,0,0,0,0,0
7/27/2019,0,0,0,0,0,0
7/28/2019,0,6,10,0,0,0
7/29/2019,0,6,11,0,0,0
7/30/2019,0,12,10,0,0,0
7/31/2019,0,13,7,0,0,0
8/1/2019,0,5,8,0,0,0
8/2/2019,0,6,6,0,0,0
8/3/2019,0,6,3,0,0,0
8/4/2019,0,7,7,0,0,0
8/5/2019,0,0,9,0,0,0
8/6/2019,0,0,8,0,0,0
8/7/2019,0,0,12,0,0,0
8/8/2019,0,0,9,0,0,0
8/9/2019,0,0,8,0,0,0
8/10/2019,0,5,7,0,0,0
8/11/2019,0,0,7,0,0,0
8/12/2019,0,0,3,0,0,0
8/13/2019,0,0,4,0,0,0
8/14/2019,0,0,4,0,0,0
8/15/2019,0,0,3,0,0,0
8/16/2019,0,0,4,0,0,0
8/17/2019,0,0,3,0,0,0
8/18/2019,0,0,3,0,0,0
8/19/2019,0,0,4,0,0,0
8/20/2019,0,9,4,0,0,0
8/21/2019,0,0,3,0,0,0
8/22/2019,0,0,4,0,0,0
8/23/2019,0,0,2,0,0,0
8/24/2019,0,0,2,0,0,0
8/25/2019,0,0,3,0,0,0
8/26/2019,0,0,3,0,0,0
8/27/2019,0,0,0,0,0,0
8/28/2019,83,0,0,0,0,0
8/29/2019,60,0,0,0,0,0
8/30/2019,55,0,0,0,0,0
8/31/2019,43,0,0,0,0,0
9/1/2019,46,0,0,0,0,0
9/2/2019,66,0,0,0,0,0
9/3/2019,0,0,0,0,0,0
9/4/2019,0,0,0,0,0,0
9/5/2019,0,0,0,0,0,0
9/6/2019,112,0,0,0,0,0
9/7/2019,116,0,0,0,0,0
9/8/2019,88,0,0,0,0,0
9/9/2019,86,0,0,0,0,0
9/10/2019,86,0,0,0,0,0
9/11/2019,113,0,0,0,0,0
9/12/2019,111,0,0,0,0,0
9/13/2019,132,0,0,0,0,0
9/14/2019,129,13,5,0,0,0
9/15/2019,164,17,4,0,0,0
9/16/2019,158,14,4,0,0,0
9/17/2019,151,14,3,0,0,0
9/18/2019,127,12,2,0,0,0
9/19/2019,107,8,3,0,0,0
9/20/2019,145,15,3,0,0,0
9/21/2019,113,12,2,0,0,0
9/22/2019,79,18,4,0,0,0
9/23/2019,0,22,6,0,0,0
9/24/2019,165,18,7,0,0,0
9/25/2019,158,25,7,0,0,0
9/26/2019,164,20,6,0,0,0
9/27/2019,161,23,8,0,0,0
9/28/2019,171,23,9,0,0,0
9/29/2019,176,21,8,0,0,0
9/30/2019,183,25,7,0,0,0
10/1/2019,185,20,7,0,0,0
10/2/2019,166,8,6,0,0,0
10/3/2019,118,7,4,0,0,0
10/4/2019,0,5,5,0,0,0
10/5/2019,0,8,4,0,0,0
10/6/2019,0,10,3,0,0,0
10/7/2019,162,7,2,0,0,0
10/8/2019,107,6,2,0,0,0
10/9/2019,91,7,4,0,0,0
10/10/2019,129,6,4,0,0,0
10/11/2019,123,7,4,0,0,0
10/12/2019,114,6,4,0,0,0
10/13/2019,126,7,2,0,0,0
10/14/2019,115,9,3,0,0,0
10/15/2019,109,16,3,0,0,0
10/16/2019,141,14,0,0,0,0
10/17/2019,154,10,10,0,0,0
10/18/2019,89,14,0,0,0,0
10/19/2019,99,17,0,0,0,0
10/20/2019,153,11,0,0,0,0
10/21/2019,153,9,0,0,0,0
10/22/2019,108,9,0,0,0,0
10/23/2019,108,7,0,0,0,0
10/24/2019,73,7,0,0,0,0
10/25/2019,115,9,0,0,0,0
10/26/2019,164,6,0,0,0,0
10/27/2019,0,5,0,0,0,0
10/28/2019,68,11,0,0,0,0
10/29/2019,75,14,0,0,0,0
10/30/2019,120,8,0,0,0,0
10/31/2019,147,7,0,0,0,0
11/1/2019,112,6,0,0,0,0
11/2/2019,111,8,0,0,0,0
11/3/2019,126,13,0,0,0,0
11/4/2019,120,18,0,0,0,0
11/5/2019,151,14,0,0,0,0
11/6/2019,188,16,0,0,0,0
11/7/2019,174,16,0,0,0,0
11/8/2019,164,19,0,0,0,0
11/9/2019,164,22,0,0,0,0
11/10/2019,173,18,0,0,0,0
11/11/2019,0,18,0,0,0,0
11/12/2019,0,6,0,0,0,0
11/13/2019,105,6,0,0,0,0
11/14/2019,104,9,0,0,0,0
11/15/2019,145,11,0,0,0,0
11/16/2019,139,7,0,0,0,0
11/17/2019,107,6,0,0,0,0
11/18/2019,89,7,0,0,0,0
11/19/2019,86,7,0,0,0,0
11/20/2019,139,6,0,0,0,0
11/21/2019,164,6,0,0,0,0
11/22/2019,166,6,0,0,0,0
11/23/2019,164,4,0,0,0,0
11/24/2019,132,5,0,0,0,0
11/25/2019,145,5,0,0,0,0
11/26/2019,154,5,0,0,0,0
11/27/2019,170,5,0,0,0,0
11/28/2019,121,4,0,0,0,0
11/29/2019,146,3,0,0,0,0
11/30/2019,164,4,0,0,0,0
12/1/2019,143,6,0,0,0,0
12/2/2019,85,6,16,3,0,0
12/3/2019,129,7,9,3,0,0
12/4/2019,145,8,7,3,0,0
12/5/2019,132,8,7,2,0,0
12/6/2019,117,8,10,3,0,0
12/7/2019,153,9,12,4,0,0
12/8/2019,176,10,14,5,0,0
12/9/2019,189,10,15,4,0,0
12/10/2019,211,11,16,5,0,0
12/11/2019,221,1,13,4,0,0
12/12/2019,210,9,15,4,0,0
12/13/2019,221,3,11,3,0,0
12/14/2019,207,2,9,2,0,0
12/15/2019,145,1,5,1,0,0
12/16/2019,138,3,8,2,0,0
12/17/2019,133,2,5,1,0,0
12/18/2019,117,2,6,2,0,0
12/19/2019,136,2,6,2,0,0
12/20/2019,158,2,5,1,0,0
12/21/2019,151,2,5,1,0,0
12/22/2019,130,2,5,2,0,0
12/23/2019,180,1,9,2,0,0
12/24/2019,212,2,7,1,0,0
12/25/2019,107,2,7,2,0,0
12/26/2019,116,2,5,1,0,0
12/27/2019,106,2,8,3,0,0
12/28/2019,155,3,10,3,0,0
12/29/2019,165,0,0,0,0,0
12/30/2019,0,0,0,0,0,0
12/31/2019,0,1,12,2,0,0
1/1/2020,182,2,11,1,0,0
1/2/2020,145,2,9,1,0,0
1/3/2020,93,2,9,1,0,0
1/4/2020,114,2,8,1,0,0
1/5/2020,100,2,7,1,0,0
1/6/2020,104,2,10,1,0,0
1/7/2020,135,2,8,1,0,0
1/8/2020,111,2,9,2,0,0
1/9/2020,113,2,6,1,0,0
1/10/2020,101,2,5,1,0,0
1/11/2020,102,2,5,2,0,0
1/12/2020,103,1,8,4,0,0
1/13/2020,171,2,12,3,0,0
1/14/2020,235,2,5,1,0,0
1/15/2020,111,2,6,3,0,0
1/16/2020,107,3,5,2,0,0
1/17/2020,116,3,5,1,0,0
1/18/2020,148,4,4,1,0,0
1/19/2020,97,4,5,1,0,0
1/20/2020,133,2,9,1,0,0
1/21/2020,178,3,6,1,0,0
1/22/2020,162,4,3,1,0,0
1/23/2020,116,4,2,1,0,0
1/24/2020,89,7,2,1,0,0
1/25/2020,80,7,3,1,0,0
1/26/2020,72,5,3,1,0,0
1/27/2020,80,5,3,1,0,0
1/28/2020,105,5,3,1,0,0
1/29/2020,136,5,7,1,0,0
1/30/2020,154,3,11,3,0,0
1/31/2020,150,4,9,2,0,0
2/1/2020,167,4,6,1,0,0
2/2/2020,205,5,4,1,0,0
2/3/2020,150,7,0,0,0,0
2/4/2020,66,7,0,2,0,0
2/5/2020,76,2,2,2,0,0
2/6/2020,146,0,2,1,0,0
2/7/2020,153,0,0,1,0,0
2/8/2020,103,2,0,1,0,0
2/9/2020,77,1,0,3,0,0
2/10/2020,128,2,0,2,0,0
2/11/2020,151,1,11,2,0,0
2/12/2020,157,3,9,1,0,0
2/13/2020,123,5,7,1,0,0
2/14/2020,110,6,8,1,0,0
2/15/2020,121,6,5,2,0,0
2/16/2020,91,5,7,2,0,0
2/17/2020,116,5,12,7,0,0
2/18/2020,143,2,15,8,0,0
2/19/2020,161,2,11,4,0,0
2/20/2020,196,2,11,2,0,0
2/21/2020,228,6,13,2,0,0
2/22/2020,198,4,14,2,0,0
2/23/2020,193,4,11,2,0,0
2/24/2020,139,2,9,0,0,0
2/25/2020,137,1,13,2,0,0
2/26/2020,136,2,10,2,0,0
2/27/2020,110,2,7,1,0,0
2/28/2020,99,4,7,1,0,0
2/29/2020,105,4,6,1,0,0
3/1/2020,103,4,6,1,0,0
3/2/2020,98,4,5,1,0,0
3/3/2020,70,11,7,2,0,0
3/4/2020,80,2,5,2,0,0
3/5/2020,93,4,9,3,0,0
3/6/2020,160,3,9,2,0,0
3/7/2020,126,6,8,1,0,0
3/8/2020,145,13,7,1,0,0
3/9/2020,172,6,7,2,0,0
3/10/2020,141,6,12,3,0,0
3/11/2020,147,5,9,2,0,0
3/12/2020,133,5,6,0,0,0
3/13/2020,135,5,7,2,0,0
3/14/2020,131,3,8,3,0,0
3/15/2020,161,2,9,3,0,0
3/16/2020,182,4,9,2,0,0
3/17/2020,138,2,4,2,0,0
3/18/2020,93,2,3,2,0,0
3/19/2020,86,2,9,2,0,0
3/20/2020,149,6,5,2,0,0
3/21/2020,145,5,3,2,0,0
3/22/2020,118,5,4,0,0,0
3/23/2020,124,5,2,0,0,0
3/24/2020,95,5,3,2,0,0
3/25/2020,88,5,1,2,0,0
3/26/2020,91,6,2,0,0,0
3/27/2020,104,5,1,0,0,0
3/28/2020,103,9,0,2,0,0
3/29/2020,97,4,4,2,0,0
3/30/2020,83,1,1,2,0,0
3/31/2020,96,2,2,3,0,0
4/1/2020,120,2,1,2,0,0
4/2/2020,128,2,2,2,0,0
4/3/2020,124,2,0,2,0,0
4/4/2020,80,4,0,2,0,0
4/5/2020,65,4,2,3,0,0
4/6/2020,87,8,3,2,0,0
4/7/2020,147,7,5,2,0,0
4/8/2020,160,10,4,2,0,0
4/9/2020,162,9,4,2,0,0
4/10/2020,141,7,2,0,0,0
4/11/2020,130,8,2,2,0,0
4/12/2020,88,8,2,2,0,0
4/13/2020,104,15,2,2,0,0
4/14/2020,130,12,3,3,0,0
4/15/2020,149,6,2,2,0,0
4/16/2020,142,5,0,2,0,0
4/17/2020,95,6,1,2,0,0
4/18/2020,106,5,0,2,0,0
4/19/2020,118,5,1,20,0,0
4/20/2020,99,5,1,10,0,0
4/21/2020,117,4,2,8,0,0
4/22/2020,93,7,0,2,0,0
4/23/2020,75,6,0,5,0,0
4/24/2020,88,8,1,3,0,0
4/25/2020,103,6,1,3,0,0
4/26/2020,99,11,3,4,0,0
4/27/2020,107,15,4,8,0,0
4/28/2020,160,16,4,5,0,0
4/29/2020,155,9,2,3,0,0
4/30/2020,127,4,2,2,0,0
5/1/2020,106,9,1,2,0,0
5/2/2020,117,6,1,2,0,0
5/3/2020,101,8,3,2,0,0
5/4/2020,103,6,2,2,0,0
5/5/2020,119,5,1,2,0,0
5/6/2020,97,4,2,2,0,0
5/7/2020,112,7,2,2,0,0
5/8/2020,102,7,2,2,0,0
5/9/2020,119,10,1,2,0,0
5/10/2020,116,5,2,3,0,0
5/11/2020,93,5,2,2,0,0
5/12/2020,90,6,1,2,0,0
5/13/2020,83,7,1,3,0,0
5/14/2020,73,5,1,2,0,0
5/15/2020,90,7,0,3,0,0
5/16/2020,99,6,0,2,0,0
5/17/2020,76,12,0,3,0,0
5/18/2020,104,7,0,3,0,0
5/19/2020,125,6,0,0,0,0
5/20/2020,98,9,5,3,0,0
5/21/2020,112,6,4,3,0,0
5/22/2020,112,7,3,3,0,0
5/23/2020,113,6,3,3,0,0
5/24/2020,121,10,3,3,0,0
5/25/2020,101,7,1,3,0,0
5/26/2020,91,8,2,3,0,0
5/27/2020,100,9,3,4,0,0
5/28/2020,139,7,3,3,0,0
5/29/2020,106,7,4,3,0,0
5/30/2020,99,6,2,3,0,0
5/31/2020,106,6,5,3,0,0
6/1/2020,93,5,5,3,0,0
6/2/2020,103,12,3,3,0,0
6/3/2020,115,9,3,3,0,0
6/4/2020,113,9,4,3,0,0
6/5/2020,122,6,5,3,0,0
6/6/2020,139,7,5,3,0,0
6/7/2020,118,5,4,4,0,0
6/8/2020,101,10,7,4,0,0
6/9/2020,112,7,6,3,0,0
6/10/2020,94,6,5,3,0,0
6/11/2020,93,7,5,3,0,0
6/12/2020,89,6,5,3,0,0
6/13/2020,96,4,5,4,0,0
6/14/2020,96,4,7,3,0,0
6/15/2020,91,6,5,0,0,0
6/16/2020,72,5,5,1,0,0
6/17/2020,77,4,5,0,0,0
6/18/2020,71,4,5,0,0,0
6/19/2020,75,7,4,0,0,0
6/20/2020,77,9,4,0,0,0
6/21/2020,88,7,5,0,0,0
6/22/2020,83,9,7,0,0,0
6/23/2020,77,6,8,0,0,0
6/24/2020,77,7,8,0,0,0
6/25/2020,122,7,4,0,0,0
6/26/2020,74,10,5,0,0,0
6/27/2020,76,9,4,0,0,0
6/28/2020,80,7,6,1,0,0
6/29/2020,84,10,7,0,0,0
6/30/2020,95,6,7,1,0,0
7/1/2020,92,6,7,1,0,0
7/2/2020,91,7,6,0,0,0
7/3/2020,79,6,6,0,0,0
7/4/2020,75,6,4,0,0,0
7/5/2020,77,7,4,1,0,0
7/6/2020,73,9,4,0,0,0
7/7/2020,80,7,4,1,0,0
7/8/2020,82,7,4,1,0,0
7/9/2020,76,7,4,1,0,0
7/10/2020,74,7,5,1,0,0
7/11/2020,79,8,5,1,0,0
7/12/2020,94,9,6,1,0,0
7/13/2020,86,12,7,1,0,0
7/14/2020,96,9,5,1,0,0
7/15/2020,86,8,3,1,0,0
7/16/2020,79,8,3,1,0,0
7/17/2020,77,9,3,1,0,0
7/18/2020,82,8,3,1,0,0
7/19/2020,86,8,4,1,0,0
7/20/2020,81,5,2,2,0,0
7/21/2020,74,5,2,1,0,0
7/22/2020,67,5,0,1,0,0
7/23/2020,74,5,0,1,0,0
7/24/2020,80,6,0,1,0,0
7/25/2020,78,5,0,1,0,0
7/26/2020,79,5,0,2,0,0
7/27/2020,134,11,0,1,0,0
7/28/2020,160,6,0,1,0,0
7/29/2020,117,6,5,1,0,0
7/30/2020,104,6,7,2,0,0
7/31/2020,106,5,4,1,0,0
8/1/2020,85,5,2,1,0,0
8/2/2020,51,4,4,2,0,0
8/3/2020,77,4,4,1,0,0
8/4/2020,68,4,4,1,0,0
8/5/2020,68,4,3,1,0,0
8/6/2020,60,4,2,1,0,0
8/7/2020,61,5,2,1,0,0
8/8/2020,67,5,3,1,0,0
8/9/2020,71,6,6,1,0,0
8/10/2020,73,3,8,0,0,0
8/11/2020,51,4,5,1,0,0
8/12/2020,79,4,4,1,0,0
8/13/2020,57,4,3,2,0,0
8/14/2020,62,2,3,2,0,0
8/15/2020,75,2,4,2,0,0
8/16/2020,81,2,3,2,0,0
8/17/2020,65,0,3,2,0,0
8/18/2020,60,0,5,2,0,0
8/19/2020,77,0,5,2,0,0
8/20/2020,108,0,7,1,0,0
8/21/2020,68,0,5,0,0,0
8/22/2020,75,0,4,2,0,0
8/23/2020,90,0,5,0,0,0
8/24/2020,80,0,3,2,0,0
8/25/2020,71,0,5,2,0,0
8/26/2020,95,0,7,0,0,0
8/27/2020,123,0,6,2,0,0
8/28/2020,97,0,6,2,0,0
8/29/2020,96,0,7,2,0,0
8/30/2020,108,0,6,2,0,0
8/31/2020,104,0,8,2,0,0
9/1/2020,110,0,6,2,0,0
9/2/2020,164,0,9,2,0,0
9/3/2020,160,0,7,2,0,0
9/4/2020,134,0,5,2,0,0
9/5/2020,103,0,5,2,0,0
9/6/2020,86,0,5,2,0,0
9/7/2020,62,0,8,2,0,0
9/8/2020,122,0,6,3,0,0
9/9/2020,78,0,4,2,0,0
9/10/2020,57,0,6,2,0,0
9/11/2020,6,0,4,2,0,0
9/12/2020,9,0,3,2,0,0
9/13/2020,26,0,4,2,0,0
9/14/2020,60,0,3,2,0,0
9/15/2020,61,0,4,2,0,0
9/16/2020,70,0,6,2,0,0
9/17/2020,95,0,2,2,0,0
9/18/2020,57,0,3,2,0,0
9/19/2020,59,0,3,2,0,0
9/20/2020,82,0,4,2,0,0
9/21/2020,98,0,3,2,0,0
9/22/2020,58,0,3,2,0,0
9/23/2020,71,0,4,2,0,0
9/24/2020,49,0,5,3,0,0
9/25/2020,95,0,4,2,0,0
9/26/2020,58,0,2,2,0,0
9/27/2020,57,0,6,2,0,0
9/28/2020,84,0,7,2,0,0
9/29/2020,99,0,5,2,0,0
9/30/2020,79,0,5,2,0,0
10/1/2020,61,0,7,2,0,0
10/2/2020,88,0,5,3,0,0
10/3/2020,86,0,3,3,0,0
10/4/2020,75,0,3,2,0,0
10/5/2020,69,0,0,2,0,0
10/6/2020,81,0,0,3,0,0
10/7/2020,58,0,3,3,0,0
10/8/2020,72,0,3,3,0,0
10/9/2020,70,0,3,3,0,0
10/10/2020,90,0,4,3,0,0
10/11/2020,96,0,7,4,0,0
10/12/2020,123,0,7,3,0,0
10/13/2020,129,0,3,3,0,0
10/14/2020,67,0,3,3,0,0
10/15/2020,39,0,3,3,0,0
10/16/2020,58,0,4,3,0,0
10/17/2020,59,0,4,3,0,0
10/18/2020,72,0,5,3,0,0
10/19/2020,80,0,6,4,0,0
10/20/2020,90,0,6,4,0,0
10/21/2020,84,0,9,4,0,0
10/22/2020,118,0,12,4,0,0
10/23/2020,136,0,12,5,0,0
10/24/2020,157,0,8,4,0,0
10/25/2020,149,0,7,3,0,0
10/26/2020,129,0,10,3,0,0
10/27/2020,126,0,6,3,0,0
10/28/2020,126,0,5,3,0,0
10/29/2020,95,0,5,0,0,0
10/30/2020,61,0,6,3,0,0
10/31/2020,82,0,10,4,0,0
11/1/2020,155,0,7,3,0,0
11/2/2020,118,0,6,4,0,0
11/3/2020,82,5,9,2,0,0
11/4/2020,135,5,15,1,0,0
11/5/2020,169,4,13,1,0,0
11/6/2020,178,7,8,1,0,0
11/7/2020,116,9,8,1,0,0
11/8/2020,125,11,10,2,0,0
11/9/2020,130,12,11,3,0,0
11/10/2020,139,10,13,3,0,0
11/11/2020,147,15,13,2,0,0
11/12/2020,156,13,13,2,0,0
11/13/2020,149,12,10,2,0,0
11/14/2020,145,8,6,0,0,0
11/15/2020,100,1,5,0,0,0
11/16/2020,95,2,7,0,0,0
11/17/2020,92,2,5,0,0,0
11/18/2020,74,1,6,0,0,0
11/19/2020,83,1,5,0,0,0
11/20/2020,89,1,5,0,0,0
11/21/2020,76,1,6,0,0,0
11/22/2020,84,1,8,0,0,0
11/23/2020,90,1,10,0,0,0
11/24/2020,116,3,12,1,0,0
11/25/2020,121,1,13,0,0,0
11/26/2020,107,7,11,1,0,0
11/27/2020,139,4,6,1,0,0
11/28/2020,111,7,6,1,0,0
11/29/2020,94,8,8,1,0,0
11/30/2020,114,5,12,2,0,0
12/1/2020,152,4,12,2,0,0
12/2/2020,163,5,8,1,0,0
12/3/2020,137,5,8,1,0,0
12/4/2020,95,6,8,1,0,0
12/5/2020,117,7,11,2,0,0
12/6/2020,155,10,11,2,0,0
12/7/2020,168,6,11,1,0,0
12/8/2020,154,5,15,2,0,0
12/9/2020,182,9,17,2,0,0
12/10/2020,183,6,14,2,0,0
12/11/2020,175,5,12,2,0,0
12/12/2020,149,3,9,0,0,0
12/13/2020,135,2,7,0,0,0
12/14/2020,110,1,4,0,0,0
12/15/2020,67,1,3,0,0,0
12/16/2020,80,2,3,0,0,0
12/17/2020,80,2,3,0,0,0
12/18/2020,90,5,5,1,0,0
12/19/2020,109,7,5,1,0,0
12/20/2020,113,10,8,2,0,0
12/21/2020,144,9,12,2,0,0
12/22/2020,163,4,13,4,0,0
12/23/2020,165,6,10,1,0,0
12/24/2020,148,5,14,4,0,0
12/25/2020,176,1,12,3,0,0
12/26/2020,173,1,7,1,0,0
12/27/2020,171,2,6,1,0,0
12/28/2020,125,2,7,1,0,0
12/29/2020,97,5,7,1,0,0
12/30/2020,101,6,10,2,0,0
12/31/2020,128,11,10,3,0,0
1/1/2021,159,11,11,3,0,0
1/2/2021,192,7,10,3,0,0
1/3/2021,189,8,11,3,0,0
1/4/2021,187,4,12,3,0,0
1/5/2021,232,6,6,2,0,0
1/6/2021,179,2,6,2,0,0
1/7/2021,160,4,3,1,0,0
1/8/2021,72,4,5,1,0,0
1/9/2021,111,4,6,1,0,0
1/10/2021,128,6,6,2,0,0
1/11/2021,133,8,9,2,0,0
1/12/2021,138,6,12,5,0,0
1/13/2021,173,9,14,6,0,0
1/14/2021,181,1,13,3,0,0
1/15/2021,203,1,11,5,0,0
1/16/2021,222,4,5,2,0,0
1/17/2021,170,9,8,1,0,0
1/18/2021,140,6,11,3,0,0
1/19/2021,168,3,12,3,0,0
1/20/2021,193,1,6,2,0,0
1/21/2021,229,3,0,2,0,0
1/22/2021,199,2,0,2,0,0
1/23/2021,206,5,0,2,0,0
1/24/2021,188,2,11,1,0,0
1/25/2021,151,3,8,1,0,0
1/26/2021,121,4,10,1,0,0
1/27/2021,108,1,7,1,0,0
1/28/2021,116,0,8,3,0,0
1/29/2021,163,0,16,2,0,0
1/30/2021,182,1,10,3,0,0
1/31/2021,164,1,9,5,0,0
2/1/2021,120,2,11,4,0,0
2/2/2021,112,6,14,4,0,0
2/3/2021,123,5,16,4,0,0
2/4/2021,121,4,16,4,0,0
2/5/2021,126,7,16,4,0,0
2/6/2021,137,5,15,4,0,0
2/7/2021,141,7,11,4,0,0
2/8/2021,139,9,8,3,0,0
2/9/2021,77,10,10,4,0,0
2/10/2021,134,14,9,4,0,0
2/11/2021,105,12,9,3,0,0
2/12/2021,105,13,9,3,0,0
2/13/2021,96,11,11,4,0,0
2/14/2021,116,7,10,4,0,0
2/15/2021,119,6,10,4,0,0
2/16/2021,120,6,9,4,0,0
2/17/2021,111,6,6,5,0,0
2/18/2021,138,9,5,5,0,0
2/19/2021,161,13,4,5,0,0
2/20/2021,150,14,4,4,0,0
2/21/2021,134,7,4,4,0,0
2/22/2021,114,6,3,3,0,0
2/23/2021,119,8,0,3,0,0
2/24/2021,96,4,0,3,0,0
2/25/2021,87,3,0,3,0,0
2/26/2021,95,2,0,3,0,0
2/27/2021,109,0,0,3,0,0
2/28/2021,130,2,2,3,0,0
3/1/2021,122,2,6,3,0,0
3/2/2021,100,2,6,3,0,0
3/3/2021,153,2,6,3,0,0
3/4/2021,134,2,6,3,0,0
3/5/2021,105,6,6,3,0,0
3/6/2021,114,5,6,3,0,0
3/7/2021,120,4,6,3,0,0
3/8/2021,138,3,6,3,0,0
3/9/2021,78,4,6,3,0,0
3/10/2021,75,4,6,3,0,0
3/11/2021,86,4,6,3,0,0
3/12/2021,101,3,7,3,0,0
3/13/2021,119,6,7,3,0,0
3/14/2021,120,6,6,3,0,0
3/15/2021,95,4,6,3,0,0
3/16/2021,88,3,6,3,0,0
3/17/2021,96,4,6,3,0,0
3/18/2021,96,3,6,3,0,0
3/19/2021,83,4,6,3,0,0
3/20/2021,75,6,6,3,0,0
3/21/2021,73,7,6,4,0,0
3/22/2021,113,9,7,4,0,0
3/23/2021,159,3,8,5,0,0
3/24/2021,168,4,7,3,0,0
3/25/2021,166,3,6,3,0,0
3/26/2021,112,3,6,3,0,0
3/27/2021,75,2,6,3,0,0
3/28/2021,73,4,6,3,0,0
3/29/2021,133,5,7,3,0,0
3/30/2021,130,5,6,3,0,0
3/31/2021,117,5,6,3,0,0
4/1/2021,107,6,6,3,0,0
4/2/2021,85,6,6,3,0,0
4/3/2021,86,6,6,3,0,0
4/4/2021,117,3,7,4,0,0
4/5/2021,122,4,6,4,0,0
4/6/2021,165,0,0,0,0,0
4/7/2021,101,7,6,3,0,0
4/8/2021,91,3,6,4,0,0
4/9/2021,95,3,6,4,0,0
4/10/2021,129,5,6,4,0,0
4/11/2021,123,6,6,3,0,0
4/12/2021,75,7,6,3,0,0
4/13/2021,70,7,6,4,0,0
4/14/2021,74,8,6,3,0,0
4/15/2021,69,8,6,4,0,0
4/16/2021,70,7,6,3,0,0
4/17/2021,76,3,6,4,0,0
4/18/2021,114,6,6,4,0,0
4/19/2021,83,8,6,4,0,0
4/20/2021,70,9,6,3,0,0
4/21/2021,73,10,6,0,0,0
4/22/2021,71,9,6,0,0,0
4/23/2021,70,9,6,4,0,0
4/24/2021,85,10,6,4,0,0
4/25/2021,72,9,6,4,0,0
4/26/2021,78,3,7,5,0,0
4/27/2021,103,6,6,4,0,0
4/28/2021,97,15,7,4,0,0
4/29/2021,77,0,0,0,0,0
4/30/2021,113,0,0,0,0,0
5/1/2021,103,0,0,0,0,0
5/2/2021,77,0,0,0,0,0
5/3/2021,67,7,6,3,0,0
5/4/2021,74,9,6,4,0,0
5/5/2021,62,9,6,4,0,0
5/6/2021,96,8,6,4,0,0
5/7/2021,88,8,6,4,0,0
5/8/2021,83,9,6,4,0,0
5/9/2021,73,9,6,0,0,0
5/10/2021,85,13,6,3,0,0
5/11/2021,89,9,6,4,0,0
5/12/2021,84,10,6,4,0,0
5/13/2021,82,9,6,4,0,0
5/14/2021,70,10,6,4,0,0
5/15/2021,72,12,6,4,0,0
5/16/2021,83,12,6,4,0,0
5/17/2021,63,12,6,4,0,0
5/18/2021,54,9,6,4,0,0
5/19/2021,73,11,6,4,0,0
5/20/2021,81,11,6,4,0,0
5/21/2021,82,13,6,4,0,0
5/22/2021,79,16,6,0,0,0
5/23/2021,68,13,7,5,0,0
5/24/2021,54,6,6,4,0,0
5/25/2021,64,9,6,4,0,0
5/26/2021,95,8,6,0,0,0
5/27/2021,40,0,0,0,0,0
5/28/2021,74,9,6,0,0,0
5/29/2021,98,12,6,4,0,0
5/30/2021,90,11,6,4,0,0
5/31/2021,99,9,6,4,0,0
6/1/2021,88,13,6,4,0,0
6/2/2021,104,12,6,4,0,0
6/3/2021,118,8,6,5,0,0
6/4/2021,78,13,7,5,0,0
6/5/2021,131,10,7,5,0,0
6/6/2021,186,9,7,5,0,0
6/7/2021,111,9,7,4,0,0
6/8/2021,85,9,7,4,0,0
6/9/2021,84,8,6,0,0,0
6/10/2021,90,0,0,0,0,0
